title,date
Bachelor of Engineering students Summer Interns
Graduate Electronic Engineer
Coding and Robotics Tutors
Research Engineer - Three Positions Available!
Junior Project Management Officer (PMO)
Fleet Engineer
Requirements Engineer
Graduate Embedded Software Engineer
625 - SERVICE ENGINEER TECHNICIAN - SHEETMETAL LASER CNC
Program Manager | Product Design and Development
Technical Sales Support Person
Principal Software Engineer
Electronics Engineer
Project Engineer
Senior Software Engineer
